snr_gt,snr_raw,snr_denoised,amplitude_true,amplitude_raw,amplitude_denoised,amplitude_signal,frequency_hz_true,frequency_hz_raw,frequency_hz_denoised,frequency_hz_signal,phase_rad_true,phase_rad_raw,phase_rad_denoised,phase_rad_signal
0.17864197,0.03149223,0.18218574,1.0738392,1.0100697,1.3875053,1.0205905,3.8559415,5.573239,7.9377255,3.87115,2.5414557,3.5576854,4.243525,2.5506654
0.0844226,0.0073678745,0.049708758,0.59904283,1.0103934,1.6030073,0.5860539,7.432111,5.374183,7.6393633,7.4641314,2.2441943,3.1634393,3.7076614,2.339816
0.13349514,0.016634736,0.10277652,1.243649,1.0101671,1.74423,1.3160164,5.693845,5.593323,7.14999,5.589554,0.8462982,2.9155257,5.083975,0.90177023
0.08601155,0.007529046,0.04971969,0.79235786,1.0271763,1.5500743,0.80416244,2.8301275,5.7080708,7.872113,2.818637,3.0445719,3.5971293,4.6006975,3.0466948
0.24562007,0.061156437,0.3222401,1.4584496,1.0210906,1.4536676,1.324446,8.889417,5.4735265,8.28063,8.894825,2.1403117,3.3213842,3.9601057,2.1157007
0.12438171,0.01700642,0.1114026,0.52520466,1.0161602,1.1970247,0.5592772,8.886419,5.2935023,7.2232347,8.862539,4.0549026,3.374654,5.3831844,4.095803
0.13564864,0.018042503,0.1091946,1.0644503,1.0096408,1.6030395,1.0692558,3.0906057,5.439175,7.4675007,3.0184653,5.141581,3.0871933,5.152921,5.114547
0.15115204,0.02229588,0.12524962,1.2037977,1.0052962,1.5950569,1.2341797,9.855691,5.274977,7.0503902,9.834562,1.3099765,3.13195,5.381376,1.311854
0.14142777,0.022406297,0.13273408,0.93083626,1.0230969,1.2189071,0.99043447,6.801035,5.5694695,7.9500265,6.805938,2.5068567,3.598147,3.756922,2.574187
0.22384177,0.048317082,0.22979611,1.465273,1.0230044,1.4789364,1.4105093,4.657693,5.603926,7.866069,4.664445,1.2898626,3.5284655,4.4410386,1.3321419
0.14978307,0.02314029,0.14478901,0.79966414,1.0037491,1.3306158,0.8861126,2.4356678,5.4046597,7.6253757,2.3951912,1.51451,3.191325,4.903002,1.5172688
0.086203754,0.0069390917,0.04244265,0.5235437,1.0189147,1.6066909,0.56757104,9.580261,5.7266703,6.8305216,9.601936,3.6576593,3.3594987,5.1523924,3.6575341
0.13385938,0.017233122,0.103638604,1.1843839,0.99853873,1.6276324,1.1056633,5.662489,5.48678,7.8975687,5.7740593,5.790342,2.87783,3.9542751,5.7130356
0.1767723,0.030838473,0.16786991,1.0145509,0.9955146,1.5071782,1.0349275,8.380629,5.510565,7.4633183,8.391841,2.3601038,2.6916664,4.9181786,2.4043841
0.18389457,0.03322947,0.18747678,1.1083646,1.0086385,1.3344346,1.1445524,5.085358,5.489214,7.9414363,5.116209,3.0361211,2.967104,4.1756277,3.0478399
0.15620214,0.023716418,0.13900544,1.052643,1.0219883,1.6023656,1.0201101,1.5328028,5.6379285,7.4100723,1.514266,1.6876518,3.3235123,4.7923994,1.7055672
0.14827792,0.02200913,0.15347263,1.2199957,1.0038444,1.5443945,1.3122622,7.80484,5.319003,7.8831797,7.7795315,0.5966287,2.9684067,4.653276,0.6311779
0.13671808,0.01996163,0.12671508,0.9734657,1.0160804,1.5248842,1.0648972,2.408162,5.4621263,7.7238674,2.4467425,3.7460413,3.1283026,4.3720694,3.698122
0.07213984,0.00535342,0.035741337,0.568268,1.0138148,1.6040237,0.6211542,3.3089912,5.595627,7.305254,3.3374119,0.27208176,3.0016053,5.2067585,0.44511366
0.06741712,0.0046598422,0.03549247,0.55775625,0.99951476,1.5762991,0.6460925,9.816241,5.5762157,7.1709423,9.73836,0.57977027,2.8216746,4.803523,0.58180237
0.063845605,0.0040810653,0.02783182,0.5301848,1.0238883,1.6307349,0.5526588,9.173341,5.653236,7.0889783,9.206527,4.5965757,3.221035,5.2451878,4.576743
0.23777266,0.051749118,0.21582864,1.4643229,0.96529746,1.652131,1.3942107,4.0780478,5.2119217,6.9898977,4.126693,0.28477865,2.3992245,5.1870947,0.37813616
0.19239253,0.04089127,0.24107784,1.4564835,1.0194957,1.5150392,1.3080189,1.4816298,5.528978,7.3375683,1.49176,0.8706361,3.150338,4.8931875,0.8050915
0.13275135,0.017377157,0.11625938,0.8884323,1.0032827,1.4641799,0.9599833,2.2020853,5.4003377,7.440506,2.118192,0.11788084,2.9268346,5.054309,0.15964818
0.19940522,0.037256993,0.2204748,1.1715602,1.0215739,1.3946339,1.1916151,3.1825366,5.6660986,7.628354,3.1171298,5.415853,3.5187743,5.312461,5.33626
0.12862082,0.015015955,0.09199033,0.5529519,1.0207486,1.3901234,0.58174,8.606263,5.493223,7.441264,8.49048,6.040098,3.4380126,4.809212,6.107012
0.14158313,0.020954734,0.12735154,1.206986,1.0054699,1.5510954,1.2843264,9.426365,5.47595,7.8092203,9.404983,5.6657276,3.0875106,4.6695786,5.5731425
0.19974089,0.039887577,0.19409598,0.95620984,0.9973931,1.4707594,0.9775305,5.930628,5.2549706,7.047555,5.9350843,2.621245,2.9487495,4.6236677,2.6509922
0.11896219,0.01437825,0.094964184,0.99863076,1.0114346,1.6156191,1.0511055,6.357024,5.462767,7.593527,6.2649603,2.1503775,3.1261497,4.847931,2.166047
0.07833698,0.006588181,0.042690393,0.60147464,1.0288129,1.5198157,0.6417862,2.1731606,5.6464005,7.860952,2.298382,0.07024779,3.3005002,4.618838,0.38377
0.16236866,0.02422682,0.13462217,0.89078605,1.0020097,1.0278679,0.9234365,2.0200405,5.3728595,7.762954,2.0311127,0.341186,3.1850324,4.630927,0.5118768
0.084588,0.0067562405,0.041293703,0.6826331,1.0023365,1.6390145,0.69117963,1.8997409,5.3415213,7.499179,1.9457927,5.6248574,2.9501643,5.1178493,5.612089
